Year,Benefits Fraud
2025,0.5729396209784046
2024,0.7839477368175455
2023,0.7195378151260504
2022,0.7126567844925884
2021,0.760806916426513
2020,0.7559145989613387
2019,0.9168564920273349
2018,1.1666666666666667
2017,1.131090487238979
2016,1.0983062685524707
2015,0.7733491969066032
2014,0.7317073170731707
2013,0.7202881152460985
2012,0.7537688442211056
2011,0.7822685788787483
2010,0.7432432432432432
2009,0.7369196757553427
2008,0.6354249404289118
2007,0.667779632721202
2006,0.5159071367153912
